{"cameraMode":{"drawMode":0,"name":"Shaded","section":"Shading Mode"},"sceneLighting":true,"audioPlay":false,"sceneViewState":{"showFog":true,"showMaterialUpdate":false,"showSkybox":true,"showFlares":true,"showImageEffects":true,"showParticleSystems":true},"in2DMode":false,"pivot":{"x":-52.49745178222656,"y":-24.311107635498048,"z":319.6352844238281},"rotation":{"x":0.14325560629367829,"y":-0.28793925046920779,"z":0.0436103381216526,"w":0.9458683729171753},"size":119.34400939941406,"orthographic":false}